file,timestamp,reference_model,region_name,observed_peak_ppm,expected_peak_ppm,required_shift_ppm,required_shift_hz,peak_height,peak_width_hz,peak_snr,prominence_snr,fit_model,fit_quality,overlap_risk,reference_confidence,qc_pass,qc_failure_reason
CEC-PhSi2-flow(sequence-0900)-06-09-26.dx,2026-06-09T09:13:16,protonated_toluene_low_field_neat,methyl,2.0796753242175186,2.09,0.010324675782481307,0.6251658373036195,87694.40066872654,3.6767901003347334,6039.383953808935,6043.832938867181,three-point quadratic maximum,0.9999999999999947,medium,high,True,
CEC-PhSi2-flow(sequence-0900)-06-09-26.dx,2026-06-09T09:13:16,protonated_toluene_low_field_neat,aromatic,6.987772865283976,7.0,0.012227134716024324,0.740360963734828,77912.37483292725,5.337761612250045,4481.641350175888,4508.41587666921,three-point quadratic maximum,0.9999999999995743,medium,high,True,
CEC-PhSi2-flow(sequence-0900)-06-09-26.dx,2026-06-09T09:13:16,protonated_toluene_dilute_cdcl3,methyl,2.0796753242175186,2.34,0.2603246757824813,15.762828522179102,89782.85426827849,3.4673388981809925,19011.768474755954,17565.67712074796,three-point quadratic maximum,0.9999999999999947,medium,high,True,
CEC-PhSi2-flow(sequence-0900)-06-09-26.dx,2026-06-09T09:13:16,protonated_toluene_dilute_cdcl3,aromatic,6.987772865283976,7.19,0.20222713471602471,12.24498460424022,79604.88390025258,5.121888195455438,5181.717070334536,4904.051310584416,three-point quadratic maximum,0.9999999999995743,medium,high,True,
CEC-PhSi2-flow(sequence-0900)-06-09-26.dx,2026-06-09T09:13:16,toluene_d8_residual,methyl,2.0796753242175186,2.089,0.009324675782481417,0.5646151865641242,86727.72839177721,3.630443096722442,4109.794450547711,4110.1596849333655,three-point quadratic maximum,0.9999999999999947,medium,high,True,
CEC-PhSi2-flow(sequence-0900)-06-09-26.dx,2026-06-09T09:13:16,toluene_d8_residual,aromatic_envelope,6.987772865283976,7.014,0.026227134716024558,1.5880700740878693,77079.24306291372,5.263215352681631,3823.784162836109,3836.8641765459665,three-point quadratic maximum,0.9999999999995743,medium,high,True,
CEC-PhSi2-flow(sequence-1000)-06-09-26.dx,2026-06-09T10:07:43,protonated_toluene_low_field_neat,methyl,2.076617778776469,2.09,0.013382221223531054,0.810300322263203,72222.56135439276,3.989436750633633,6737.458124565214,6755.725238397264,three-point quadratic maximum,1.0,medium,high,True,
CEC-PhSi2-flow(sequence-1000)-06-09-26.dx,2026-06-09T10:07:43,protonated_toluene_low_field_neat,aromatic,6.987827781306683,7.0,0.012172218693317305,0.7370340517544284,62691.65798888758,5.1023768945308365,4020.7709801473316,4039.8469265953536,three-point quadratic maximum,0.9999999999999925,medium,high,True,
CEC-PhSi2-flow(sequence-1000)-06-09-26.dx,2026-06-09T10:07:43,protonated_toluene_dilute_cdcl3,methyl,2.076617778776469,2.34,0.26338222122353105,15.947927864213893,73929.54965924639,3.792993176254598,15315.098717695835,14158.232826913432,three-point quadratic maximum,1.0,medium,high,True,
CEC-PhSi2-flow(sequence-1000)-06-09-26.dx,2026-06-09T10:07:43,protonated_toluene_dilute_cdcl3,aromatic,6.987827781306683,7.19,0.2021722186933177,12.241630983636977,63286.21038750275,4.890757925865558,4741.129018073823,4541.661820765653,three-point quadratic maximum,0.9999999999999925,medium,high,True,
CEC-PhSi2-flow(sequence-1000)-06-09-26.dx,2026-06-09T10:07:43,toluene_d8_residual,methyl,2.076617778776469,2.089,0.012382221223531165,0.7497498120954069,71321.22526196016,3.9468337125806614,4222.274961849449,4235.960825866147,three-point quadratic maximum,1.0,medium,high,True,
CEC-PhSi2-flow(sequence-1000)-06-09-26.dx,2026-06-09T10:07:43,toluene_d8_residual,aromatic_envelope,6.987827781306683,7.014,0.02617221869331754,1.5847411941036813,61924.1645924065,5.022429764669016,3558.055304621474,3569.4665769811763,three-point quadratic maximum,0.9999999999999925,medium,high,True,
CEC-PhSi2-flow(sequence-1015)-06-09-26.dx,2026-06-09T10:26:05,protonated_toluene_low_field_neat,methyl,2.079866205220485,2.09,0.010133794779514815,0.6136064324400797,73854.68102164002,3.837237609231866,6091.959698071088,6092.932846180826,three-point quadratic maximum,0.9999999999999997,medium,high,True,
CEC-PhSi2-flow(sequence-1015)-06-09-26.dx,2026-06-09T10:26:05,protonated_toluene_low_field_neat,aromatic,6.988757155180016,7.0,0.011242844819983944,0.6807599769449912,63280.70576523652,5.591288150938717,3652.9486453323234,3658.616875435249,three-point quadratic maximum,0.9999999999999387,medium,high,True,
CEC-PhSi2-flow(sequence-1015)-06-09-26.dx,2026-06-09T10:26:05,protonated_toluene_dilute_cdcl3,methyl,2.079866205220485,2.34,0.2601337947795148,15.751233693268079,75729.83404253931,3.596908445241433,16139.61981608447,14843.31536084441,three-point quadratic maximum,0.9999999999999997,medium,high,True,
CEC-PhSi2-flow(sequence-1015)-06-09-26.dx,2026-06-09T10:26:05,protonated_toluene_dilute_cdcl3,aromatic,6.988757155180016,7.19,0.20124284481998433,12.185356695174294,63550.625933342875,5.355077582471807,4251.702798036285,4056.2639635809473,three-point quadratic maximum,0.9999999999999387,medium,high,True,
CEC-PhSi2-flow(sequence-1015)-06-09-26.dx,2026-06-09T10:26:05,toluene_d8_residual,methyl,2.079866205220485,2.089,0.009133794779514925,0.5530559233967745,72915.5787061622,3.78451394144151,3904.91074080398,3906.9744695486565,three-point quadratic maximum,0.9999999999999997,medium,high,True,
CEC-PhSi2-flow(sequence-1015)-06-09-26.dx,2026-06-09T10:26:05,toluene_d8_residual,aromatic_envelope,6.988757155180016,7.014,0.025242844819984178,1.5284671035513735,62558.302702412126,5.506187040468998,3034.2979054722027,3026.8795334659003,three-point quadratic maximum,0.9999999999999387,medium,high,True,
CEC-PhSi2-flow(sequence-1030)-06-09-26.dx,2026-06-09T10:38:47,protonated_toluene_low_field_neat,methyl,2.0789639525624133,2.09,0.011036047437586571,0.6682382716573673,81453.4741052681,3.3680359192642535,6838.635211547396,6831.116323559495,three-point quadratic maximum,0.9999999999999996,medium,high,True,
CEC-PhSi2-flow(sequence-1030)-06-09-26.dx,2026-06-09T10:38:47,protonated_toluene_low_field_neat,aromatic,6.990239978947162,7.0,0.009760021052837686,0.5909742266488525,70580.81155957283,5.113518043707624,4095.9255989520284,4098.419043488993,three-point quadratic maximum,0.9999999999999466,medium,high,True,
CEC-PhSi2-flow(sequence-1030)-06-09-26.dx,2026-06-09T10:38:47,protonated_toluene_dilute_cdcl3,methyl,2.0789639525624133,2.34,0.26103604743758657,15.805865113072558,83348.49105436621,3.202125874115342,19253.904405294663,17793.85896206556,three-point quadratic maximum,0.9999999999999996,medium,high,True,
CEC-PhSi2-flow(sequence-1030)-06-09-26.dx,2026-06-09T10:38:47,protonated_toluene_dilute_cdcl3,aromatic,6.990239978947162,7.19,0.19976002105283808,12.095570626124422,70903.11579479491,4.902754935547672,4604.591281100062,4407.038880044509,three-point quadratic maximum,0.9999999999999466,medium,high,True,
CEC-PhSi2-flow(sequence-1030)-06-09-26.dx,2026-06-09T10:38:47,toluene_d8_residual,methyl,2.0789639525624133,2.089,0.010036047437586681,0.6076877642917132,80503.5362103566,3.3337556124517733,4117.425959452467,4116.611456641024,three-point quadratic maximum,0.9999999999999996,medium,high,True,
CEC-PhSi2-flow(sequence-1030)-06-09-26.dx,2026-06-09T10:38:47,toluene_d8_residual,aromatic_envelope,6.990239978947162,7.014,0.02376002105283792,1.4386813297681174,69881.1977839354,5.039944635067216,3482.638023440864,3472.0985366447567,three-point quadratic maximum,0.9999999999999466,medium,high,True,
CEC-PhSi2-flow(sequence-1045)-06-09-26.dx,2026-06-09T10:53:46,protonated_toluene_low_field_neat,methyl,2.0801166169928935,2.09,0.009883383007106339,0.59844393777887,81499.00551064106,3.877235157420938,5331.3604485310325,5341.479547154281,three-point quadratic maximum,0.9999999999999993,medium,high,True,
CEC-PhSi2-flow(sequence-1045)-06-09-26.dx,2026-06-09T10:53:46,protonated_toluene_low_field_neat,aromatic,6.985714419130532,7.0,0.014285580869468184,0.8649992884861444,71986.48204523796,5.270601768211226,4034.782044178586,4051.7299266264286,three-point quadratic maximum,0.9999999999997321,medium,high,True,
CEC-PhSi2-flow(sequence-1045)-06-09-26.dx,2026-06-09T10:53:46,protonated_toluene_dilute_cdcl3,methyl,2.0801166169928935,2.34,0.25988338300710634,15.736072858680181,83295.87527299623,3.7092375788415666,16588.431192525215,15491.792838735277,three-point quadratic maximum,0.9999999999999993,medium,high,True,
CEC-PhSi2-flow(sequence-1045)-06-09-26.dx,2026-06-09T10:53:46,protonated_toluene_dilute_cdcl3,aromatic,6.985714419130532,7.19,0.20428558086946857,12.369597268371166,72379.215469912,5.064894473205224,4913.806104806035,4694.971228776168,three-point quadratic maximum,0.9999999999997321,medium,high,True,
CEC-PhSi2-flow(sequence-1045)-06-09-26.dx,2026-06-09T10:53:46,toluene_d8_residual,methyl,2.0801166169928935,2.089,0.008883383007106449,0.5378934220952714,80407.20667214892,3.842170581921531,3521.5870970475635,3541.3043742884893,three-point quadratic maximum,0.9999999999999993,medium,high,True,
CEC-PhSi2-flow(sequence-1045)-06-09-26.dx,2026-06-09T10:53:46,toluene_d8_residual,aromatic_envelope,6.985714419130532,7.014,0.02828558086946842,1.712706508056632,71126.39642229589,5.202354359828037,3384.7272766699293,3391.2503373243358,three-point quadratic maximum,0.9999999999997321,medium,high,True,
CEC-PhSi2-flow(sequence-1100)-06-09-26.dx,2026-06-09T11:08:23,protonated_toluene_low_field_neat,methyl,2.0783721811742617,2.09,0.011627818825738157,0.7040704816320076,88632.35082151348,3.352941234186275,7011.54775481075,6998.305083001361,three-point quadratic maximum,0.9999999999999986,medium,high,True,
CEC-PhSi2-flow(sequence-1100)-06-09-26.dx,2026-06-09T11:08:23,protonated_toluene_low_field_neat,aromatic,6.99065402873891,7.0,0.009345971261089936,0.5659034239980745,80826.18687763163,4.896317307343691,4460.259779842082,4466.500492438359,three-point quadratic maximum,0.9999999999998751,medium,high,True,
CEC-PhSi2-flow(sequence-1100)-06-09-26.dx,2026-06-09T11:08:23,protonated_toluene_dilute_cdcl3,methyl,2.0783721811742617,2.34,0.26162781882573816,15.84170059488998,90526.91286576519,3.2008845857510035,17898.1771150436,16594.412426564926,three-point quadratic maximum,0.9999999999999986,medium,high,True,
CEC-PhSi2-flow(sequence-1100)-06-09-26.dx,2026-06-09T11:08:23,protonated_toluene_dilute_cdcl3,aromatic,6.99065402873891,7.19,0.19934597126109033,12.070502310074158,81239.54296376355,4.689285520488725,5146.1073753755345,4930.704379537658,three-point quadratic maximum,0.9999999999998751,medium,high,True,
CEC-PhSi2-flow(sequence-1100)-06-09-26.dx,2026-06-09T11:08:23,toluene_d8_residual,methyl,2.0783721811742617,2.089,0.010627818825738267,0.6435199611789824,87546.37491808803,3.3200105582806403,4225.619548705208,4223.152915936419,three-point quadratic maximum,0.9999999999999986,medium,high,True,
CEC-PhSi2-flow(sequence-1100)-06-09-26.dx,2026-06-09T11:08:23,toluene_d8_residual,aromatic_envelope,6.99065402873891,7.014,0.02334597126109017,1.413610710340535,80000.57415617062,4.821895289805814,3637.4836489376744,3629.986204060736,three-point quadratic maximum,0.9999999999998751,medium,high,True,
CEC-PhSi2-flow(sequence-1115)-06-09-26.dx,2026-06-09T11:24:34,protonated_toluene_low_field_neat,methyl,2.0811336669808944,2.09,0.008866333019105443,0.5368611001343543,87303.26902255414,3.644659301501115,6505.334335404647,6489.940912598906,three-point quadratic maximum,0.9999999999999977,medium,high,True,
CEC-PhSi2-flow(sequence-1115)-06-09-26.dx,2026-06-09T11:24:34,protonated_toluene_low_field_neat,aromatic,6.989465853593322,7.0,0.010534146406677714,0.6378480727803684,75112.1906540503,5.344142064185648,3994.1675868990615,3998.4792887963163,three-point quadratic maximum,0.9999999999998319,medium,high,True,
CEC-PhSi2-flow(sequence-1115)-06-09-26.dx,2026-06-09T11:24:34,protonated_toluene_dilute_cdcl3,methyl,2.0811336669808944,2.34,0.25886633301910544,15.674491814475607,89188.22932722348,3.4379043107162808,19254.62471611852,17815.374790552713,three-point quadratic maximum,0.9999999999999977,medium,high,True,
CEC-PhSi2-flow(sequence-1115)-06-09-26.dx,2026-06-09T11:24:34,protonated_toluene_dilute_cdcl3,aromatic,6.989465853593322,7.19,0.2005341464066781,12.142447415679744,75509.25446434933,5.147015054165598,4803.57775209715,4587.053667878882,three-point quadratic maximum,0.9999999999998319,medium,high,True,
CEC-PhSi2-flow(sequence-1115)-06-09-26.dx,2026-06-09T11:24:34,toluene_d8_residual,methyl,2.0811336669808944,2.089,0.007866333019105554,0.47631057727699594,86267.48694898967,3.6008226247582464,4425.308823702459,4418.726461706324,three-point quadratic maximum,0.9999999999999977,medium,high,True,
CEC-PhSi2-flow(sequence-1115)-06-09-26.dx,2026-06-09T11:24:34,toluene_d8_residual,aromatic_envelope,6.989465853593322,7.014,0.024534146406677948,1.4855553927834928,74285.0539864603,5.274332364838992,3634.87172077877,3626.3881520118853,three-point quadratic maximum,0.9999999999998319,medium,high,True,
CEC-PhSi2-flow(sequence-1130)-06-09-26.dx,2026-06-09T11:36:54,protonated_toluene_low_field_neat,methyl,2.0784177419582974,2.09,0.011582258041702431,0.701311767713925,85976.28915321271,3.4025877606467216,6356.231721384305,6363.982240667151,three-point quadratic maximum,0.9999999999999997,medium,high,True,
CEC-PhSi2-flow(sequence-1130)-06-09-26.dx,2026-06-09T11:36:54,protonated_toluene_low_field_neat,aromatic,6.987167971989723,7.0,0.012832028010277163,0.7769859914051191,75821.29041751674,5.0188145488810845,4252.948188691668,4270.088344159091,three-point quadratic maximum,0.9999999999999685,medium,high,True,
CEC-PhSi2-flow(sequence-1130)-06-09-26.dx,2026-06-09T11:36:54,protonated_toluene_dilute_cdcl3,methyl,2.0784177419582974,2.34,0.26158225804170243,15.838942210517502,87951.63985056628,3.2580685605958877,16150.672016265586,15053.443255064025,three-point quadratic maximum,0.9999999999999997,medium,high,True,
CEC-PhSi2-flow(sequence-1130)-06-09-26.dx,2026-06-09T11:36:54,protonated_toluene_dilute_cdcl3,aromatic,6.987167971989723,7.19,0.20283202801027755,12.28158512793586,76217.24009944056,4.808012433598836,4679.50796289628,4500.953607507191,three-point quadratic maximum,0.9999999999999685,medium,high,True,
CEC-PhSi2-flow(sequence-1130)-06-09-26.dx,2026-06-09T11:36:54,toluene_d8_residual,methyl,2.0784177419582974,2.089,0.010582258041702541,0.6407612459427174,84995.74726613316,3.369998978004212,4250.361857260248,4259.579037463445,three-point quadratic maximum,0.9999999999999997,medium,high,True,
CEC-PhSi2-flow(sequence-1130)-06-09-26.dx,2026-06-09T11:36:54,toluene_d8_residual,aromatic_envelope,6.987167971989723,7.014,0.026832028010277398,1.6246932962021337,74866.39805873326,4.942904718694003,3391.01330816298,3403.3351121848373,three-point quadratic maximum,0.9999999999999685,medium,high,True,
