file,line,classification,matched_terms,reason
chemyx_lab/analysis/additional_phase_methods.py,294,independent report/baseline/legacy context retained,completion_area,"Offline report, visualization, statistics or protected baseline region; never read as live two-stage endpoint area."
chemyx_lab/analysis/analysis_config.py,39,independent report/baseline/legacy context retained,integration_window_ppm,"Offline report, visualization, statistics or protected baseline region; never read as live two-stage endpoint area."
chemyx_lab/analysis/analysis_config.py,186,independent report/baseline/legacy context retained,integration_window_ppm,"Offline report, visualization, statistics or protected baseline region; never read as live two-stage endpoint area."
chemyx_lab/analysis/analysis_config.py,193,independent report/baseline/legacy context retained,integration_window_ppm,"Offline report, visualization, statistics or protected baseline region; never read as live two-stage endpoint area."
chemyx_lab/analysis/analysis_config.py,194,independent report/baseline/legacy context retained,integration_window_ppm,"Offline report, visualization, statistics or protected baseline region; never read as live two-stage endpoint area."
chemyx_lab/analysis/baseline_flattening.py,27,independent report/baseline/legacy context retained,5.70; 5.90,"Offline report, visualization, statistics or protected baseline region; never read as live two-stage endpoint area."
chemyx_lab/analysis/baseline_flattening.py,115,independent report/baseline/legacy context retained,5.70; 5.90,"Offline report, visualization, statistics or protected baseline region; never read as live two-stage endpoint area."
chemyx_lab/analysis/baseline_flattening.py,244,independent report/baseline/legacy context retained,5.70; 5.90,"Offline report, visualization, statistics or protected baseline region; never read as live two-stage endpoint area."
chemyx_lab/analysis/nmr.py,1223,legacy API/config retained,integration_window_ppm,"Legacy experiment or generic integration API, not the two-stage completion metric."
chemyx_lab/analysis/nmr.py,1300,legacy API/config retained,fixed target,"Legacy experiment or generic integration API, not the two-stage completion metric."
chemyx_lab/analysis/nmr.py,1304,legacy API/config retained,integration_window_ppm,"Legacy experiment or generic integration API, not the two-stage completion metric."
chemyx_lab/analysis/nmr_spectrum_view.py,100,independent report/baseline/legacy context retained,fixed-window,"Offline report, visualization, statistics or protected baseline region; never read as live two-stage endpoint area."
chemyx_lab/analysis/nmr_validation.py,437,independent report/baseline/legacy context retained,integration_window_ppm,"Offline report, visualization, statistics or protected baseline region; never read as live two-stage endpoint area."
chemyx_lab/analysis/nmr_validation.py,653,independent report/baseline/legacy context retained,Fixed-window,"Offline report, visualization, statistics or protected baseline region; never read as live two-stage endpoint area."
chemyx_lab/analysis/nmr_validation.py,992,independent report/baseline/legacy context retained,Fixed-window,"Offline report, visualization, statistics or protected baseline region; never read as live two-stage endpoint area."
chemyx_lab/analysis/phase_gallery.py,204,independent report/baseline/legacy context retained,fixed-window,"Offline report, visualization, statistics or protected baseline region; never read as live two-stage endpoint area."
chemyx_lab/analysis/phase_gallery.py,252,independent report/baseline/legacy context retained,fixed window,"Offline report, visualization, statistics or protected baseline region; never read as live two-stage endpoint area."
chemyx_lab/analysis/phase_gallery.py,423,independent report/baseline/legacy context retained,Fixed-window,"Offline report, visualization, statistics or protected baseline region; never read as live two-stage endpoint area."
chemyx_lab/analysis/stage_measurement.py,1,replacement documentation,fixed integral,Current tracked moving area explicitly replaces the old integral.
chemyx_lab/analysis/statistics_plots.py,164,independent report/baseline/legacy context retained,fixed_target,"Offline report, visualization, statistics or protected baseline region; never read as live two-stage endpoint area."
chemyx_lab/analysis/statistics_plots.py,169,independent report/baseline/legacy context retained,fixed_target,"Offline report, visualization, statistics or protected baseline region; never read as live two-stage endpoint area."
chemyx_lab/analysis/statistics_plots.py,173,independent report/baseline/legacy context retained,fixed_target,"Offline report, visualization, statistics or protected baseline region; never read as live two-stage endpoint area."
chemyx_lab/analysis/statistics_plots.py,180,independent report/baseline/legacy context retained,fixed_target,"Offline report, visualization, statistics or protected baseline region; never read as live two-stage endpoint area."
chemyx_lab/analysis/statistics_plots.py,187,independent report/baseline/legacy context retained,fixed_target,"Offline report, visualization, statistics or protected baseline region; never read as live two-stage endpoint area."
chemyx_lab/analysis/statistics_report.py,419,independent report/baseline/legacy context retained,Fixed-window,"Offline report, visualization, statistics or protected baseline region; never read as live two-stage endpoint area."
chemyx_lab/analysis/statistics_report.py,425,independent report/baseline/legacy context retained,fixed_window,"Offline report, visualization, statistics or protected baseline region; never read as live two-stage endpoint area."
chemyx_lab/analysis/statistics_report.py,426,independent report/baseline/legacy context retained,fixed_window,"Offline report, visualization, statistics or protected baseline region; never read as live two-stage endpoint area."
chemyx_lab/analysis/statistics_report.py,474,independent report/baseline/legacy context retained,fixed_window,"Offline report, visualization, statistics or protected baseline region; never read as live two-stage endpoint area."
chemyx_lab/analysis/statistics_report.py,475,independent report/baseline/legacy context retained,fixed_window,"Offline report, visualization, statistics or protected baseline region; never read as live two-stage endpoint area."
chemyx_lab/analysis/statistics_report.py,476,independent report/baseline/legacy context retained,fixed_window,"Offline report, visualization, statistics or protected baseline region; never read as live two-stage endpoint area."
chemyx_lab/analysis/statistics_report.py,564,independent report/baseline/legacy context retained,fixed_window,"Offline report, visualization, statistics or protected baseline region; never read as live two-stage endpoint area."
chemyx_lab/analysis/statistics_report.py,565,independent report/baseline/legacy context retained,fixed_window,"Offline report, visualization, statistics or protected baseline region; never read as live two-stage endpoint area."
chemyx_lab/analysis/target_peak_config.py,64,independent report/baseline/legacy context retained,integration_window_ppm,"Offline report, visualization, statistics or protected baseline region; never read as live two-stage endpoint area."
chemyx_lab/analysis/target_peak_config.py,144,independent report/baseline/legacy context retained,integration_window_ppm,"Offline report, visualization, statistics or protected baseline region; never read as live two-stage endpoint area."
chemyx_lab/analysis/target_peak_config.py,154,independent report/baseline/legacy context retained,integration_window_ppm,"Offline report, visualization, statistics or protected baseline region; never read as live two-stage endpoint area."
chemyx_lab/analysis/target_peak_config.py,228,independent report/baseline/legacy context retained,integration_window_ppm,"Offline report, visualization, statistics or protected baseline region; never read as live two-stage endpoint area."
chemyx_lab/analysis/target_peak_plots.py,242,independent report/baseline/legacy context retained,integration_window_ppm,"Offline report, visualization, statistics or protected baseline region; never read as live two-stage endpoint area."
chemyx_lab/analysis/target_peak_plots.py,415,independent report/baseline/legacy context retained,integration_window_ppm,"Offline report, visualization, statistics or protected baseline region; never read as live two-stage endpoint area."
chemyx_lab/analysis/target_peak_plots.py,957,independent report/baseline/legacy context retained,integration_window_ppm,"Offline report, visualization, statistics or protected baseline region; never read as live two-stage endpoint area."
chemyx_lab/analysis/target_peak_report.py,138,independent report/baseline/legacy context retained,integration_window_ppm,"Offline report, visualization, statistics or protected baseline region; never read as live two-stage endpoint area."
chemyx_lab/analysis/target_peak_report.py,241,independent report/baseline/legacy context retained,fixed-window,"Offline report, visualization, statistics or protected baseline region; never read as live two-stage endpoint area."
chemyx_lab/analysis/time_series.py,6,independent report/baseline/legacy context retained,Fixed-window,"Offline report, visualization, statistics or protected baseline region; never read as live two-stage endpoint area."
chemyx_lab/analysis/time_series.py,73,independent report/baseline/legacy context retained,Fixed-window,"Offline report, visualization, statistics or protected baseline region; never read as live two-stage endpoint area."
chemyx_lab/analysis/time_series.py,88,independent report/baseline/legacy context retained,Fixed-window,"Offline report, visualization, statistics or protected baseline region; never read as live two-stage endpoint area."
chemyx_lab/analysis/time_series.py,131,independent report/baseline/legacy context retained,fixed-window,"Offline report, visualization, statistics or protected baseline region; never read as live two-stage endpoint area."
chemyx_lab/workflows/si6_automated_nmr.py,316,legacy API/config retained,integration_window_ppm,"Legacy experiment or generic integration API, not the two-stage completion metric."
chemyx_lab/workflows/si6_automated_nmr.py,331,legacy API/config retained,integration_window_ppm,"Legacy experiment or generic integration API, not the two-stage completion metric."
chemyx_lab/workflows/si6_automated_nmr.py,711,legacy API/config retained,integration_window_ppm,"Legacy experiment or generic integration API, not the two-stage completion metric."
chemyx_lab/workflows/si6_profile.py,14,removed-path rejection,integration_window_ppm,Rejects obsolete two-stage config keys; does not integrate.
config_templates/experiments/long_monitoring.yaml,80,independent report/baseline/legacy context retained,integration_window_ppm,"Offline report, visualization, statistics or protected baseline region; never read as live two-stage endpoint area."
config_templates/experiments/reaction_30min.yaml,99,independent report/baseline/legacy context retained,integration_window_ppm,"Offline report, visualization, statistics or protected baseline region; never read as live two-stage endpoint area."
config_templates/experiments/reaction_60min.yaml,99,independent report/baseline/legacy context retained,integration_window_ppm,"Offline report, visualization, statistics or protected baseline region; never read as live two-stage endpoint area."
config_templates/experiments/reaction_mixed_intervals.yaml,99,independent report/baseline/legacy context retained,integration_window_ppm,"Offline report, visualization, statistics or protected baseline region; never read as live two-stage endpoint area."
config_templates/experiments/short_attended.yaml,80,independent report/baseline/legacy context retained,integration_window_ppm,"Offline report, visualization, statistics or protected baseline region; never read as live two-stage endpoint area."
config_templates/experiments/si6_two_channel_once.yaml,87,independent report/baseline/legacy context retained,integration_window_ppm,"Offline report, visualization, statistics or protected baseline region; never read as live two-stage endpoint area."
config_templates/experiments/standard_si6.yaml,98,independent report/baseline/legacy context retained,integration_window_ppm,"Offline report, visualization, statistics or protected baseline region; never read as live two-stage endpoint area."
configs/experiments/02_si6_automated_nmr.yaml,112,legacy API/config retained,5.70; 5.90,"Legacy experiment or generic integration API, not the two-stage completion metric."
configs/experiments/02_si6_automated_nmr.yaml,119,legacy API/config retained,integration_window_ppm,"Legacy experiment or generic integration API, not the two-stage completion metric."
configs/experiments/02_si6_short_attended.local.yaml,117,legacy API/config retained,5.70; 5.90,"Legacy experiment or generic integration API, not the two-stage completion metric."
configs/experiments/02_si6_short_attended.local.yaml,124,legacy API/config retained,integration_window_ppm,"Legacy experiment or generic integration API, not the two-stage completion metric."
configs/experiments/03_081626_phsi4.yaml,61,legacy API/config retained,integration_window_ppm,"Legacy experiment or generic integration API, not the two-stage completion metric."
configs/nmr/analysis.yaml,19,independent report/baseline/legacy context retained,fixed-target,"Offline report, visualization, statistics or protected baseline region; never read as live two-stage endpoint area."
configs/nmr/analysis.yaml,95,independent report/baseline/legacy context retained,5.70; 5.90,"Offline report, visualization, statistics or protected baseline region; never read as live two-stage endpoint area."
configs/nmr/analysis.yaml,216,independent report/baseline/legacy context retained,5.70; 5.90,"Offline report, visualization, statistics or protected baseline region; never read as live two-stage endpoint area."
configs/nmr/analysis.yaml,222,independent report/baseline/legacy context retained,5.70; 5.90,"Offline report, visualization, statistics or protected baseline region; never read as live two-stage endpoint area."
configs/nmr/analysis.yaml,261,independent report/baseline/legacy context retained,fixed-window,"Offline report, visualization, statistics or protected baseline region; never read as live two-stage endpoint area."
configs/nmr/analysis.yaml,283,independent report/baseline/legacy context retained,fixed window; integration_window_ppm,"Offline report, visualization, statistics or protected baseline region; never read as live two-stage endpoint area."
configs/nmr/analysis.yaml,289,independent report/baseline/legacy context retained,5.70,"Offline report, visualization, statistics or protected baseline region; never read as live two-stage endpoint area."
configs/nmr/analysis.yaml,290,independent report/baseline/legacy context retained,5.90,"Offline report, visualization, statistics or protected baseline region; never read as live two-stage endpoint area."
configs/nmr/analysis.yaml,335,independent report/baseline/legacy context retained,5.70; 5.90,"Offline report, visualization, statistics or protected baseline region; never read as live two-stage endpoint area."
configs/nmr/analysis.yaml,336,independent report/baseline/legacy context retained,5.70; 5.90; integration_window_ppm,"Offline report, visualization, statistics or protected baseline region; never read as live two-stage endpoint area."
configs/nmr/analysis.yaml,338,independent report/baseline/legacy context retained,5.70; 5.90,"Offline report, visualization, statistics or protected baseline region; never read as live two-stage endpoint area."
docs/CONFIGURATION.md,60,legacy API/config retained,5.70; 5.90,"Legacy experiment or generic integration API, not the two-stage completion metric."
docs/CREATE_NEW_EXPERIMENT.md,115,independent report/baseline/legacy context retained,5.70; 5.90,"Offline report, visualization, statistics or protected baseline region; never read as live two-stage endpoint area."
docs/CURRENT_ARCHITECTURE_LLM_HANDOFF_2026-10-01.md,353,independent report/baseline/legacy context retained,5.70; 5.90,"Offline report, visualization, statistics or protected baseline region; never read as live two-stage endpoint area."
docs/LIVE_COMMISSIONING_CHECKLIST.md,133,independent report/baseline/legacy context retained,5.70; 5.90,"Offline report, visualization, statistics or protected baseline region; never read as live two-stage endpoint area."
docs/LIVE_COMMISSIONING_CHECKLIST.md,157,independent report/baseline/legacy context retained,5.70; 5.90,"Offline report, visualization, statistics or protected baseline region; never read as live two-stage endpoint area."
docs/LIVE_COMMISSIONING_CHECKLIST.md,284,independent report/baseline/legacy context retained,5.70; 5.90,"Offline report, visualization, statistics or protected baseline region; never read as live two-stage endpoint area."
docs/NMR_TARGET_PEAK_WORKFLOW.md,21,independent report/baseline/legacy context retained,5.70; 5.90,"Offline report, visualization, statistics or protected baseline region; never read as live two-stage endpoint area."
docs/NMR_TARGET_PEAK_WORKFLOW.md,29,independent report/baseline/legacy context retained,fixed-window,"Offline report, visualization, statistics or protected baseline region; never read as live two-stage endpoint area."
docs/NMR_TARGET_PEAK_WORKFLOW.md,236,independent report/baseline/legacy context retained,fixed-window,"Offline report, visualization, statistics or protected baseline region; never read as live two-stage endpoint area."
docs/OFFLINE_SETUP.md,529,independent report/baseline/legacy context retained,5.70; 5.90,"Offline report, visualization, statistics or protected baseline region; never read as live two-stage endpoint area."
docs/SI6_FINAL_HOME_VALIDATION_REPORT.md,39,historical audit,fixed-window; fixed_window_measurement,Records prior implementation or offline validation; current live behavior documented separately.
docs/SI6_FINAL_HOME_VALIDATION_REPORT.md,93,historical audit,fixed_window_measurement,Records prior implementation or offline validation; current live behavior documented separately.
docs/SI6_SYNTHETIC_ANALYSIS_AUDIT.md,17,historical audit,fixed_window_measurement,Records prior implementation or offline validation; current live behavior documented separately.
docs/SI6_SYNTHETIC_ANALYSIS_AUDIT.md,20,historical audit,fixed-window,Records prior implementation or offline validation; current live behavior documented separately.
docs/SI6_SYNTHETIC_ANALYSIS_AUDIT.md,25,historical audit,fixed-window,Records prior implementation or offline validation; current live behavior documented separately.
docs/SI6_TWO_STAGE_HANDOFF.md,152,independent report/baseline/legacy context retained,fixed integral,"Offline report, visualization, statistics or protected baseline region; never read as live two-stage endpoint area."
docs/SI6_TWO_STAGE_OPERATOR_GUIDE.md,100,independent report/baseline/legacy context retained,Fixed target,"Offline report, visualization, statistics or protected baseline region; never read as live two-stage endpoint area."
docs/SI6_TWO_STAGE_VALIDATION_REPORT.md,25,historical audit,fixed-integral,Records prior implementation or offline validation; current live behavior documented separately.
docs/SI6_TWO_STAGE_VALIDATION_REPORT.md,137,historical audit,fixed-target,Records prior implementation or offline validation; current live behavior documented separately.
docs/SI6_TWO_STAGE_VALIDATION_REPORT.md,289,historical audit,fixed-window,Records prior implementation or offline validation; current live behavior documented separately.
docs/SI6_TWO_STAGE_VALIDATION_REPORT.md,301,historical audit,fixed integral,Records prior implementation or offline validation; current live behavior documented separately.
docs/THREE_INSTRUMENT_ARCHITECTURE.md,71,independent report/baseline/legacy context retained,5.70; 5.90,"Offline report, visualization, statistics or protected baseline region; never read as live two-stage endpoint area."
docs/audits/NMR_STAGE_COMPLETION_AUDIT_2026-10-07.md,13,historical audit,5.70; 5.90,Records prior implementation or offline validation; current live behavior documented separately.
docs/audits/NMR_STAGE_COMPLETION_AUDIT_2026-10-07.md,17,historical audit,completion_area; fixed-window,Records prior implementation or offline validation; current live behavior documented separately.
docs/audits/NMR_STAGE_COMPLETION_AUDIT_2026-10-07.md,50,historical audit,5.70; 5.90,Records prior implementation or offline validation; current live behavior documented separately.
docs/audits/NMR_STAGE_COMPLETION_AUDIT_2026-10-07.md,51,historical audit,5.70; 5.90; completion_area; fixed_window_measurement,Records prior implementation or offline validation; current live behavior documented separately.
docs/audits/NMR_STAGE_COMPLETION_AUDIT_2026-10-07.md,92,historical audit,fixed_window_measurement,Records prior implementation or offline validation; current live behavior documented separately.
docs/audits/NMR_STAGE_COMPLETION_AUDIT_2026-10-07.md,95,historical audit,fixed_integral,Records prior implementation or offline validation; current live behavior documented separately.
docs/audits/NMR_STAGE_COMPLETION_AUDIT_2026-10-07.md,109,historical audit,completion_area; fixed target,Records prior implementation or offline validation; current live behavior documented separately.
docs/audits/NMR_STAGE_COMPLETION_AUDIT_2026-10-07.md,113,historical audit,fixed-window,Records prior implementation or offline validation; current live behavior documented separately.
docs/audits/NMR_STAGE_COMPLETION_AUDIT_2026-10-07.md,115,historical audit,Fixed integral,Records prior implementation or offline validation; current live behavior documented separately.
docs/audits/NMR_STAGE_COMPLETION_AUDIT_2026-10-07.md,122,historical audit,5.70; 5.90,Records prior implementation or offline validation; current live behavior documented separately.
docs/audits/NMR_STAGE_COMPLETION_AUDIT_2026-10-07.md,123,historical audit,5.70; 5.90,Records prior implementation or offline validation; current live behavior documented separately.
docs/audits/NMR_STAGE_COMPLETION_AUDIT_2026-10-07.md,133,historical audit,5.70; 5.90; fixed_window_measurement,Records prior implementation or offline validation; current live behavior documented separately.
docs/audits/NMR_STAGE_COMPLETION_AUDIT_2026-10-07.md,135,historical audit,completion_area,Records prior implementation or offline validation; current live behavior documented separately.
docs/audits/NMR_STAGE_COMPLETION_AUDIT_2026-10-07.md,139,historical audit,fixed-window,Records prior implementation or offline validation; current live behavior documented separately.
docs/audits/NMR_STAGE_COMPLETION_AUDIT_2026-10-07.md,156,historical audit,fixed-window; fixed_window_measurement,Records prior implementation or offline validation; current live behavior documented separately.
docs/audits/NMR_STAGE_COMPLETION_AUDIT_2026-10-07.md,160,historical audit,completion_area,Records prior implementation or offline validation; current live behavior documented separately.
docs/audits/NMR_STAGE_COMPLETION_AUDIT_2026-10-07.md,359,historical audit,5.70; 5.90; Fixed integral; integration_window_ppm,Records prior implementation or offline validation; current live behavior documented separately.
docs/audits/NMR_STAGE_COMPLETION_AUDIT_2026-10-07.md,360,historical audit,5.70; 5.90; Fixed-integral,Records prior implementation or offline validation; current live behavior documented separately.
docs/audits/NMR_STAGE_COMPLETION_AUDIT_2026-10-07.md,382,historical audit,Fixed target; fixed_window_measurement,Records prior implementation or offline validation; current live behavior documented separately.
docs/audits/NMR_STAGE_COMPLETION_AUDIT_2026-10-07.md,383,historical audit,fixed_window_measurement,Records prior implementation or offline validation; current live behavior documented separately.
docs/audits/NMR_STAGE_COMPLETION_AUDIT_2026-10-07.md,388,historical audit,fixed_window_measurement,Records prior implementation or offline validation; current live behavior documented separately.
docs/audits/NMR_STAGE_COMPLETION_AUDIT_2026-10-07.md,414,historical audit,fixed-target,Records prior implementation or offline validation; current live behavior documented separately.
docs/audits/NMR_STAGE_COMPLETION_AUDIT_2026-10-07.md,430,historical audit,Fixed integral; fixed_window_measurement,Records prior implementation or offline validation; current live behavior documented separately.
docs/audits/NMR_STAGE_COMPLETION_AUDIT_2026-10-07.md,436,historical audit,fixed integral,Records prior implementation or offline validation; current live behavior documented separately.
docs/audits/NMR_STAGE_COMPLETION_AUDIT_2026-10-07.md,441,historical audit,fixed-window,Records prior implementation or offline validation; current live behavior documented separately.
docs/audits/NMR_STAGE_COMPLETION_AUDIT_2026-10-07.md,444,historical audit,fixed integral,Records prior implementation or offline validation; current live behavior documented separately.
docs/audits/NMR_STAGE_COMPLETION_AUDIT_2026-10-07.md,453,historical audit,5.70; 5.90,Records prior implementation or offline validation; current live behavior documented separately.
docs/audits/NMR_STAGE_COMPLETION_AUDIT_2026-10-07.md,466,historical audit,fixed-window,Records prior implementation or offline validation; current live behavior documented separately.
docs/audits/SI6_TWO_STAGE_INITIAL_AUDIT.md,46,historical audit,fixed-window,Records prior implementation or offline validation; current live behavior documented separately.
docs/nmr_guide.md,37,independent report/baseline/legacy context retained,fixed-window,"Offline report, visualization, statistics or protected baseline region; never read as live two-stage endpoint area."
docs/nmr_statistics.md,25,independent report/baseline/legacy context retained,fixed-window,"Offline report, visualization, statistics or protected baseline region; never read as live two-stage endpoint area."
docs/nmr_statistics.md,119,independent report/baseline/legacy context retained,fixed-window,"Offline report, visualization, statistics or protected baseline region; never read as live two-stage endpoint area."
docs/nmr_statistics.md,122,independent report/baseline/legacy context retained,fixed_window,"Offline report, visualization, statistics or protected baseline region; never read as live two-stage endpoint area."
docs/nmr_statistics.md,123,independent report/baseline/legacy context retained,fixed_window,"Offline report, visualization, statistics or protected baseline region; never read as live two-stage endpoint area."
docs/nmr_statistics.md,127,independent report/baseline/legacy context retained,Fixed-window; fixed window,"Offline report, visualization, statistics or protected baseline region; never read as live two-stage endpoint area."
docs/nmr_statistics.md,194,independent report/baseline/legacy context retained,fixed-window,"Offline report, visualization, statistics or protected baseline region; never read as live two-stage endpoint area."
notebooks/interactive_nmr_processing_explorer.ipynb,52,offline notebook retained,5.70; 5.90,"Retrospective analysis/notebook, not the live stage controller."
results/100426_algovalidation/code/algorithm_validation.py,48,independent report/baseline/legacy context retained,5.70; 5.90,"Offline report, visualization, statistics or protected baseline region; never read as live two-stage endpoint area."
results/100426_algovalidation/code/algorithm_validation.py,494,independent report/baseline/legacy context retained,5.70; 5.90,"Offline report, visualization, statistics or protected baseline region; never read as live two-stage endpoint area."
results/100426_algovalidation/code/algorithm_validation.py,497,independent report/baseline/legacy context retained,fixed_window,"Offline report, visualization, statistics or protected baseline region; never read as live two-stage endpoint area."
results/100426_algovalidation/code/algorithm_validation.py,513,independent report/baseline/legacy context retained,5.70; 5.90,"Offline report, visualization, statistics or protected baseline region; never read as live two-stage endpoint area."
results/100426_algovalidation/code/algorithm_validation.py,517,independent report/baseline/legacy context retained,fixed_window,"Offline report, visualization, statistics or protected baseline region; never read as live two-stage endpoint area."
results/100426_algovalidation/code/algorithm_validation.py,536,independent report/baseline/legacy context retained,fixed_window,"Offline report, visualization, statistics or protected baseline region; never read as live two-stage endpoint area."
results/100426_algovalidation/code/algorithm_validation.py,580,independent report/baseline/legacy context retained,5.70; 5.90,"Offline report, visualization, statistics or protected baseline region; never read as live two-stage endpoint area."
results/100426_algovalidation/code/algorithm_validation.py,708,independent report/baseline/legacy context retained,fixed-window,"Offline report, visualization, statistics or protected baseline region; never read as live two-stage endpoint area."
results/100426_algovalidation/code/algorithm_validation.py,730,independent report/baseline/legacy context retained,fixed-window,"Offline report, visualization, statistics or protected baseline region; never read as live two-stage endpoint area."
results/100426_algovalidation/code/algorithm_validation.py,744,independent report/baseline/legacy context retained,5.70; 5.90,"Offline report, visualization, statistics or protected baseline region; never read as live two-stage endpoint area."
results/100426_algovalidation/code/algorithm_validation.py,760,independent report/baseline/legacy context retained,5.70; 5.90,"Offline report, visualization, statistics or protected baseline region; never read as live two-stage endpoint area."
results/100426_algovalidation/code/algorithm_validation.py,763,independent report/baseline/legacy context retained,fixed_window,"Offline report, visualization, statistics or protected baseline region; never read as live two-stage endpoint area."
results/100426_algovalidation/code/algorithm_validation.py,889,independent report/baseline/legacy context retained,fixed_window,"Offline report, visualization, statistics or protected baseline region; never read as live two-stage endpoint area."
results/100426_algovalidation/code/algorithm_validation.py,911,independent report/baseline/legacy context retained,fixed-window,"Offline report, visualization, statistics or protected baseline region; never read as live two-stage endpoint area."
results/100426_algovalidation/code/algorithm_validation.py,934,independent report/baseline/legacy context retained,fixed-window,"Offline report, visualization, statistics or protected baseline region; never read as live two-stage endpoint area."
results/100426_algovalidation/code/algorithm_validation.py,939,independent report/baseline/legacy context retained,fixed-window,"Offline report, visualization, statistics or protected baseline region; never read as live two-stage endpoint area."
results/100426_algovalidation/code/algorithm_validation.py,953,independent report/baseline/legacy context retained,fixed window,"Offline report, visualization, statistics or protected baseline region; never read as live two-stage endpoint area."
results/100426_algovalidation/code/algorithm_validation.py,956,independent report/baseline/legacy context retained,5.70; 5.90,"Offline report, visualization, statistics or protected baseline region; never read as live two-stage endpoint area."
results/100426_algovalidation/code/robustness_refinement.py,58,independent report/baseline/legacy context retained,fixed_window,"Offline report, visualization, statistics or protected baseline region; never read as live two-stage endpoint area."
results/100426_algovalidation/code/robustness_refinement.py,60,independent report/baseline/legacy context retained,5.70; 5.90; Fixed-window,"Offline report, visualization, statistics or protected baseline region; never read as live two-stage endpoint area."
results/100426_algovalidation/code/robustness_refinement.py,61,independent report/baseline/legacy context retained,Fixed-window,"Offline report, visualization, statistics or protected baseline region; never read as live two-stage endpoint area."
results/100426_algovalidation/code/robustness_refinement.py,148,independent report/baseline/legacy context retained,fixed_window,"Offline report, visualization, statistics or protected baseline region; never read as live two-stage endpoint area."
results/100426_algovalidation/code/robustness_refinement.py,153,independent report/baseline/legacy context retained,Fixed-window,"Offline report, visualization, statistics or protected baseline region; never read as live two-stage endpoint area."
results/100426_algovalidation/code/robustness_refinement.py,190,independent report/baseline/legacy context retained,fixed window,"Offline report, visualization, statistics or protected baseline region; never read as live two-stage endpoint area."
results/100426_algovalidation/code/robustness_refinement.py,193,independent report/baseline/legacy context retained,fixed-window,"Offline report, visualization, statistics or protected baseline region; never read as live two-stage endpoint area."
results/100426_algovalidation/code/robustness_refinement.py,199,independent report/baseline/legacy context retained,fixed window,"Offline report, visualization, statistics or protected baseline region; never read as live two-stage endpoint area."
results/100426_algovalidation/code/robustness_refinement.py,872,independent report/baseline/legacy context retained,fixed_window,"Offline report, visualization, statistics or protected baseline region; never read as live two-stage endpoint area."
results/100426_algovalidation/code/robustness_refinement.py,920,independent report/baseline/legacy context retained,5.70; 5.90,"Offline report, visualization, statistics or protected baseline region; never read as live two-stage endpoint area."
results/100426_algovalidation/code/robustness_refinement.py,998,independent report/baseline/legacy context retained,fixed window,"Offline report, visualization, statistics or protected baseline region; never read as live two-stage endpoint area."
results/100426_algovalidation/code/robustness_refinement.py,1098,independent report/baseline/legacy context retained,5.70; 5.90,"Offline report, visualization, statistics or protected baseline region; never read as live two-stage endpoint area."
results/100426_algovalidation/code/robustness_refinement.py,1128,independent report/baseline/legacy context retained,fixed_window,"Offline report, visualization, statistics or protected baseline region; never read as live two-stage endpoint area."
results/100426_algovalidation/code/robustness_refinement.py,1144,independent report/baseline/legacy context retained,fixed window,"Offline report, visualization, statistics or protected baseline region; never read as live two-stage endpoint area."
results/100426_algovalidation/code/robustness_refinement.py,1149,independent report/baseline/legacy context retained,fixed window,"Offline report, visualization, statistics or protected baseline region; never read as live two-stage endpoint area."
results/100426_algovalidation/code/robustness_refinement.py,1226,independent report/baseline/legacy context retained,fixed-window,"Offline report, visualization, statistics or protected baseline region; never read as live two-stage endpoint area."
results/100426_algovalidation/code/robustness_refinement.py,1305,independent report/baseline/legacy context retained,Fixed-window,"Offline report, visualization, statistics or protected baseline region; never read as live two-stage endpoint area."
results/100426_algovalidation/code/robustness_refinement.py,1352,independent report/baseline/legacy context retained,Fixed-window,"Offline report, visualization, statistics or protected baseline region; never read as live two-stage endpoint area."
results/100426_algovalidation/code/robustness_refinement.py,1572,independent report/baseline/legacy context retained,Fixed-window,"Offline report, visualization, statistics or protected baseline region; never read as live two-stage endpoint area."
results/100426_algovalidation/code/robustness_refinement.py,1620,independent report/baseline/legacy context retained,fixed_window,"Offline report, visualization, statistics or protected baseline region; never read as live two-stage endpoint area."
results/100426_algovalidation/code/robustness_refinement.py,1627,independent report/baseline/legacy context retained,fixed_window,"Offline report, visualization, statistics or protected baseline region; never read as live two-stage endpoint area."
results/100426_algovalidation/code/robustness_refinement.py,1760,independent report/baseline/legacy context retained,fixed_window,"Offline report, visualization, statistics or protected baseline region; never read as live two-stage endpoint area."
results/100426_algovalidation/code/robustness_refinement.py,1808,independent report/baseline/legacy context retained,fixed_window,"Offline report, visualization, statistics or protected baseline region; never read as live two-stage endpoint area."
results/100426_algovalidation/code/robustness_refinement.py,1916,independent report/baseline/legacy context retained,fixed_window,"Offline report, visualization, statistics or protected baseline region; never read as live two-stage endpoint area."
results/100426_algovalidation/code/robustness_refinement.py,1918,independent report/baseline/legacy context retained,fixed_window,"Offline report, visualization, statistics or protected baseline region; never read as live two-stage endpoint area."
results/100426_algovalidation/code/robustness_refinement.py,1930,independent report/baseline/legacy context retained,fixed_window,"Offline report, visualization, statistics or protected baseline region; never read as live two-stage endpoint area."
results/100426_algovalidation/code/robustness_refinement.py,1935,independent report/baseline/legacy context retained,fixed_window,"Offline report, visualization, statistics or protected baseline region; never read as live two-stage endpoint area."
results/100426_algovalidation/code/robustness_refinement.py,1937,independent report/baseline/legacy context retained,fixed_window,"Offline report, visualization, statistics or protected baseline region; never read as live two-stage endpoint area."
results/100426_algovalidation/code/robustness_refinement.py,2076,independent report/baseline/legacy context retained,fixed-window,"Offline report, visualization, statistics or protected baseline region; never read as live two-stage endpoint area."
results/100426_algovalidation/code/robustness_refinement.py,2089,independent report/baseline/legacy context retained,fixed-window,"Offline report, visualization, statistics or protected baseline region; never read as live two-stage endpoint area."
results/100426_algovalidation/code/robustness_refinement.py,2098,independent report/baseline/legacy context retained,fixed window,"Offline report, visualization, statistics or protected baseline region; never read as live two-stage endpoint area."
results/100426_algovalidation/code/robustness_refinement.py,2176,independent report/baseline/legacy context retained,5.70; 5.90,"Offline report, visualization, statistics or protected baseline region; never read as live two-stage endpoint area."
results/100426_algovalidation/code/robustness_refinement.py,2181,independent report/baseline/legacy context retained,fixed_window,"Offline report, visualization, statistics or protected baseline region; never read as live two-stage endpoint area."
results/100426_algovalidation/code/robustness_refinement.py,2182,independent report/baseline/legacy context retained,fixed_window,"Offline report, visualization, statistics or protected baseline region; never read as live two-stage endpoint area."
results/100426_algovalidation/code/robustness_refinement.py,2223,independent report/baseline/legacy context retained,fixed_window,"Offline report, visualization, statistics or protected baseline region; never read as live two-stage endpoint area."
results/100426_algovalidation/code/robustness_refinement.py,2301,independent report/baseline/legacy context retained,fixed window,"Offline report, visualization, statistics or protected baseline region; never read as live two-stage endpoint area."
results/100426_algovalidation/code/robustness_refinement.py,2308,independent report/baseline/legacy context retained,fixed window,"Offline report, visualization, statistics or protected baseline region; never read as live two-stage endpoint area."
results/100426_algovalidation/code/robustness_refinement.py,2331,independent report/baseline/legacy context retained,fixed-window,"Offline report, visualization, statistics or protected baseline region; never read as live two-stage endpoint area."
results/100426_algovalidation/code/robustness_refinement.py,2375,independent report/baseline/legacy context retained,fixed window,"Offline report, visualization, statistics or protected baseline region; never read as live two-stage endpoint area."
results/100426_algovalidation/code/robustness_refinement.py,2378,independent report/baseline/legacy context retained,fixed window,"Offline report, visualization, statistics or protected baseline region; never read as live two-stage endpoint area."
results/100426_algovalidation/code/robustness_refinement.py,2379,independent report/baseline/legacy context retained,fixed-window,"Offline report, visualization, statistics or protected baseline region; never read as live two-stage endpoint area."
results/100426_algovalidation/code/robustness_refinement.py,2399,independent report/baseline/legacy context retained,5.70; 5.90,"Offline report, visualization, statistics or protected baseline region; never read as live two-stage endpoint area."
results/100426_algovalidation/code/robustness_refinement.py,2413,independent report/baseline/legacy context retained,fixed window,"Offline report, visualization, statistics or protected baseline region; never read as live two-stage endpoint area."
results/100426_algovalidation/code/robustness_refinement.py,2415,independent report/baseline/legacy context retained,fixed-window,"Offline report, visualization, statistics or protected baseline region; never read as live two-stage endpoint area."
results/100426_algovalidation/code/robustness_refinement.py,2425,independent report/baseline/legacy context retained,fixed window,"Offline report, visualization, statistics or protected baseline region; never read as live two-stage endpoint area."
results/100426_algovalidation/code/robustness_refinement.py,2432,independent report/baseline/legacy context retained,fixed window,"Offline report, visualization, statistics or protected baseline region; never read as live two-stage endpoint area."
results/100426_algovalidation/code/robustness_refinement.py,2463,independent report/baseline/legacy context retained,fixed window,"Offline report, visualization, statistics or protected baseline region; never read as live two-stage endpoint area."
results/100426_algovalidation/code/robustness_refinement.py,2465,independent report/baseline/legacy context retained,fixed window,"Offline report, visualization, statistics or protected baseline region; never read as live two-stage endpoint area."
results/100426_algovalidation/code/robustness_refinement.py,2472,independent report/baseline/legacy context retained,Fixed window,"Offline report, visualization, statistics or protected baseline region; never read as live two-stage endpoint area."
results/100426_algovalidation/code/robustness_refinement.py,2474,independent report/baseline/legacy context retained,Fixed window,"Offline report, visualization, statistics or protected baseline region; never read as live two-stage endpoint area."
results/100426_algovalidation/code/robustness_refinement.py,2477,independent report/baseline/legacy context retained,fixed-window,"Offline report, visualization, statistics or protected baseline region; never read as live two-stage endpoint area."
results/100426_algovalidation/code/robustness_refinement.py,2487,independent report/baseline/legacy context retained,fixed-window,"Offline report, visualization, statistics or protected baseline region; never read as live two-stage endpoint area."
results/100426_algovalidation/code/robustness_refinement.py,2490,independent report/baseline/legacy context retained,fixed-window,"Offline report, visualization, statistics or protected baseline region; never read as live two-stage endpoint area."
results/100426_algovalidation/code/robustness_refinement.py,2536,independent report/baseline/legacy context retained,fixed-window,"Offline report, visualization, statistics or protected baseline region; never read as live two-stage endpoint area."
results/100426_algovalidation/code/robustness_refinement.py,2560,independent report/baseline/legacy context retained,fixed-window,"Offline report, visualization, statistics or protected baseline region; never read as live two-stage endpoint area."
results/100426_algovalidation/code/robustness_refinement.py,2561,independent report/baseline/legacy context retained,fixed-window,"Offline report, visualization, statistics or protected baseline region; never read as live two-stage endpoint area."
results/100426_algovalidation/code/robustness_refinement.py,2565,independent report/baseline/legacy context retained,fixed window,"Offline report, visualization, statistics or protected baseline region; never read as live two-stage endpoint area."
results/100426_algovalidation/code/robustness_refinement.py,2570,independent report/baseline/legacy context retained,fixed-window,"Offline report, visualization, statistics or protected baseline region; never read as live two-stage endpoint area."
results/100426_algovalidation/code/robustness_refinement.py,2638,independent report/baseline/legacy context retained,fixed_window,"Offline report, visualization, statistics or protected baseline region; never read as live two-stage endpoint area."
results/100426_algovalidation/code/robustness_refinement.py,2693,independent report/baseline/legacy context retained,5.70; 5.90; fixed-window,"Offline report, visualization, statistics or protected baseline region; never read as live two-stage endpoint area."
results/100426_algovalidation/code/robustness_refinement.py,2708,independent report/baseline/legacy context retained,Fixed-window,"Offline report, visualization, statistics or protected baseline region; never read as live two-stage endpoint area."
results/100426_algovalidation/code/robustness_refinement.py,2714,independent report/baseline/legacy context retained,fixed-window,"Offline report, visualization, statistics or protected baseline region; never read as live two-stage endpoint area."
results/100426_algovalidation/code/robustness_refinement.py,2719,independent report/baseline/legacy context retained,fixed window; fixed_window,"Offline report, visualization, statistics or protected baseline region; never read as live two-stage endpoint area."
results/100426_algovalidation/code/robustness_refinement.py,2720,independent report/baseline/legacy context retained,fixed_window,"Offline report, visualization, statistics or protected baseline region; never read as live two-stage endpoint area."
results/100426_algovalidation/code/robustness_refinement.py,2721,independent report/baseline/legacy context retained,fixed_window,"Offline report, visualization, statistics or protected baseline region; never read as live two-stage endpoint area."
results/100426_algovalidation/code/robustness_refinement.py,2722,independent report/baseline/legacy context retained,fixed_window,"Offline report, visualization, statistics or protected baseline region; never read as live two-stage endpoint area."
results/100426_algovalidation/code/robustness_refinement.py,2723,independent report/baseline/legacy context retained,fixed_window,"Offline report, visualization, statistics or protected baseline region; never read as live two-stage endpoint area."
results/100426_algovalidation/code/robustness_refinement.py,2745,independent report/baseline/legacy context retained,fixed-window,"Offline report, visualization, statistics or protected baseline region; never read as live two-stage endpoint area."
results/README.md,38,independent report/baseline/legacy context retained,fixed target,"Offline report, visualization, statistics or protected baseline region; never read as live two-stage endpoint area."
results/README.md,46,independent report/baseline/legacy context retained,fixed target,"Offline report, visualization, statistics or protected baseline region; never read as live two-stage endpoint area."
scripts/nmr/PHASE2_DEMO.md,56,independent report/baseline/legacy context retained,5.70; 5.90,"Offline report, visualization, statistics or protected baseline region; never read as live two-stage endpoint area."
scripts/nmr/README.md,183,independent report/baseline/legacy context retained,Fixed-target,"Offline report, visualization, statistics or protected baseline region; never read as live two-stage endpoint area."
scripts/nmr/_config.py,186,independent report/baseline/legacy context retained,fixed-target,"Offline report, visualization, statistics or protected baseline region; never read as live two-stage endpoint area."
scripts/nmr/_config.py,194,independent report/baseline/legacy context retained,Fixed-target,"Offline report, visualization, statistics or protected baseline region; never read as live two-stage endpoint area."
scripts/nmr/_config.py,197,independent report/baseline/legacy context retained,fixed-target,"Offline report, visualization, statistics or protected baseline region; never read as live two-stage endpoint area."
scripts/nmr/absorption_view.py,196,independent report/baseline/legacy context retained,fixed-window,"Offline report, visualization, statistics or protected baseline region; never read as live two-stage endpoint area."
scripts/nmr/basic_phase_view.py,246,independent report/baseline/legacy context retained,fixed-window,"Offline report, visualization, statistics or protected baseline region; never read as live two-stage endpoint area."
scripts/nmr/build_plot_cleanup.py,473,independent report/baseline/legacy context retained,fixed_window,"Offline report, visualization, statistics or protected baseline region; never read as live two-stage endpoint area."
scripts/nmr/build_plot_cleanup.py,476,independent report/baseline/legacy context retained,5.70; 5.90,"Offline report, visualization, statistics or protected baseline region; never read as live two-stage endpoint area."
scripts/nmr/build_plot_cleanup.py,499,independent report/baseline/legacy context retained,Fixed window,"Offline report, visualization, statistics or protected baseline region; never read as live two-stage endpoint area."
scripts/nmr/build_plot_cleanup.py,521,independent report/baseline/legacy context retained,Fixed window,"Offline report, visualization, statistics or protected baseline region; never read as live two-stage endpoint area."
scripts/nmr/build_plot_cleanup.py,615,independent report/baseline/legacy context retained,Fixed window,"Offline report, visualization, statistics or protected baseline region; never read as live two-stage endpoint area."
scripts/nmr/build_plot_cleanup.py,677,independent report/baseline/legacy context retained,fixed-window,"Offline report, visualization, statistics or protected baseline region; never read as live two-stage endpoint area."
scripts/nmr/build_timeseries_results.py,9,independent report/baseline/legacy context retained,fixed-window,"Offline report, visualization, statistics or protected baseline region; never read as live two-stage endpoint area."
scripts/nmr/build_timeseries_results.py,120,independent report/baseline/legacy context retained,fixed window,"Offline report, visualization, statistics or protected baseline region; never read as live two-stage endpoint area."
scripts/nmr/build_timeseries_results.py,490,independent report/baseline/legacy context retained,Fixed window,"Offline report, visualization, statistics or protected baseline region; never read as live two-stage endpoint area."
scripts/nmr/build_timeseries_results.py,766,independent report/baseline/legacy context retained,5.70; 5.90,"Offline report, visualization, statistics or protected baseline region; never read as live two-stage endpoint area."
scripts/nmr/build_timeseries_results.py,767,independent report/baseline/legacy context retained,5.70; 5.90,"Offline report, visualization, statistics or protected baseline region; never read as live two-stage endpoint area."
scripts/nmr/build_timeseries_results.py,988,independent report/baseline/legacy context retained,fixed-window,"Offline report, visualization, statistics or protected baseline region; never read as live two-stage endpoint area."
scripts/nmr/build_timeseries_results.py,991,independent report/baseline/legacy context retained,fixed-window,"Offline report, visualization, statistics or protected baseline region; never read as live two-stage endpoint area."
scripts/nmr/compare_legacy_processing.py,165,independent report/baseline/legacy context retained,5.70; 5.90,"Offline report, visualization, statistics or protected baseline region; never read as live two-stage endpoint area."
scripts/nmr/compare_legacy_processing.py,218,independent report/baseline/legacy context retained,fixed-window,"Offline report, visualization, statistics or protected baseline region; never read as live two-stage endpoint area."
scripts/nmr/compare_legacy_processing.py,313,independent report/baseline/legacy context retained,fixed-window,"Offline report, visualization, statistics or protected baseline region; never read as live two-stage endpoint area."
scripts/nmr/compare_legacy_processing.py,361,independent report/baseline/legacy context retained,fixed window,"Offline report, visualization, statistics or protected baseline region; never read as live two-stage endpoint area."
scripts/nmr/finalize_additional_phase_report.py,84,independent report/baseline/legacy context retained,fixed window,"Offline report, visualization, statistics or protected baseline region; never read as live two-stage endpoint area."
scripts/nmr/inspect_processing.py,55,independent report/baseline/legacy context retained,5.70; 5.90,"Offline report, visualization, statistics or protected baseline region; never read as live two-stage endpoint area."
scripts/nmr/inspect_processing.py,623,independent report/baseline/legacy context retained,5.70; 5.90,"Offline report, visualization, statistics or protected baseline region; never read as live two-stage endpoint area."
scripts/nmr/inspect_processing.py,978,independent report/baseline/legacy context retained,5.70; 5.90,"Offline report, visualization, statistics or protected baseline region; never read as live two-stage endpoint area."
scripts/nmr/inspect_processing.py,1087,independent report/baseline/legacy context retained,fixed window,"Offline report, visualization, statistics or protected baseline region; never read as live two-stage endpoint area."
scripts/nmr/inspect_processing.py,1135,independent report/baseline/legacy context retained,5.70; 5.90,"Offline report, visualization, statistics or protected baseline region; never read as live two-stage endpoint area."
scripts/nmr/inspect_processing.py,1281,independent report/baseline/legacy context retained,Fixed-window,"Offline report, visualization, statistics or protected baseline region; never read as live two-stage endpoint area."
scripts/nmr/inspect_processing.py,1338,independent report/baseline/legacy context retained,5.70; 5.90,"Offline report, visualization, statistics or protected baseline region; never read as live two-stage endpoint area."
scripts/nmr/inspect_processing.py,1348,independent report/baseline/legacy context retained,5.70; 5.90,"Offline report, visualization, statistics or protected baseline region; never read as live two-stage endpoint area."
scripts/nmr/inspect_processing.py,1390,independent report/baseline/legacy context retained,fixed-window,"Offline report, visualization, statistics or protected baseline region; never read as live two-stage endpoint area."
scripts/nmr/inspect_processing.py,1411,independent report/baseline/legacy context retained,5.70; 5.90,"Offline report, visualization, statistics or protected baseline region; never read as live two-stage endpoint area."
scripts/nmr/inspect_processing.py,1413,independent report/baseline/legacy context retained,fixed-window,"Offline report, visualization, statistics or protected baseline region; never read as live two-stage endpoint area."
scripts/nmr/inspect_processing.py,1414,independent report/baseline/legacy context retained,fixed-window,"Offline report, visualization, statistics or protected baseline region; never read as live two-stage endpoint area."
scripts/nmr/inspect_processing.py,1416,independent report/baseline/legacy context retained,fixed-window,"Offline report, visualization, statistics or protected baseline region; never read as live two-stage endpoint area."
scripts/nmr/inspect_processing.py,1417,independent report/baseline/legacy context retained,fixed window,"Offline report, visualization, statistics or protected baseline region; never read as live two-stage endpoint area."
scripts/nmr/interactive_processing_explorer.py,61,independent report/baseline/legacy context retained,5.70; 5.90,"Offline report, visualization, statistics or protected baseline region; never read as live two-stage endpoint area."
scripts/nmr/phase2.py,276,independent report/baseline/legacy context retained,fixed_window,"Offline report, visualization, statistics or protected baseline region; never read as live two-stage endpoint area."
scripts/nmr/phase2.py,295,independent report/baseline/legacy context retained,fixed_window,"Offline report, visualization, statistics or protected baseline region; never read as live two-stage endpoint area."
scripts/nmr/phase2.py,696,independent report/baseline/legacy context retained,Fixed-window; fixed_window,"Offline report, visualization, statistics or protected baseline region; never read as live two-stage endpoint area."
scripts/nmr/process_fid.py,300,independent report/baseline/legacy context retained,fixed-window,"Offline report, visualization, statistics or protected baseline region; never read as live two-stage endpoint area."
scripts/nmr/process_fid.py,789,independent report/baseline/legacy context retained,5.70; 5.90,"Offline report, visualization, statistics or protected baseline region; never read as live two-stage endpoint area."
scripts/nmr/process_fid.py,829,independent report/baseline/legacy context retained,5.70,"Offline report, visualization, statistics or protected baseline region; never read as live two-stage endpoint area."
scripts/nmr/process_fid.py,830,independent report/baseline/legacy context retained,5.90,"Offline report, visualization, statistics or protected baseline region; never read as live two-stage endpoint area."
scripts/nmr/process_fid.py,833,independent report/baseline/legacy context retained,5.70; 5.90,"Offline report, visualization, statistics or protected baseline region; never read as live two-stage endpoint area."
scripts/nmr/process_fid.py,1523,independent report/baseline/legacy context retained,fixed window,"Offline report, visualization, statistics or protected baseline region; never read as live two-stage endpoint area."
scripts/nmr/process_fid.py,1531,independent report/baseline/legacy context retained,integration_window_ppm,"Offline report, visualization, statistics or protected baseline region; never read as live two-stage endpoint area."
scripts/nmr/validate_processing.py,170,independent report/baseline/legacy context retained,5.70; 5.90,"Offline report, visualization, statistics or protected baseline region; never read as live two-stage endpoint area."
scripts/nmr/validate_processing.py,236,independent report/baseline/legacy context retained,Fixed-Window,"Offline report, visualization, statistics or protected baseline region; never read as live two-stage endpoint area."
scripts/nmr/validate_processing.py,394,independent report/baseline/legacy context retained,5.70; 5.90,"Offline report, visualization, statistics or protected baseline region; never read as live two-stage endpoint area."
tests/test_nmr_baseline_flattening.py,59,independent regression retained,5.70; 5.90,Tests legacy or offline report integration; live tracking tests use peak_area.
tests/test_nmr_baseline_flattening.py,76,independent regression retained,5.70; 5.90,Tests legacy or offline report integration; live tracking tests use peak_area.
tests/test_nmr_baseline_flattening.py,127,independent regression retained,5.70; 5.90,Tests legacy or offline report integration; live tracking tests use peak_area.
tests/test_nmr_plot_titles.py,123,independent regression retained,5.70; 5.90,Tests legacy or offline report integration; live tracking tests use peak_area.
tests/test_nmr_plot_titles.py,124,independent regression retained,integration_window_ppm,Tests legacy or offline report integration; live tracking tests use peak_area.
tests/test_nmr_statistics.py,117,independent regression retained,5.70; 5.90,Tests legacy or offline report integration; live tracking tests use peak_area.
tests/test_nmr_statistics.py,127,independent regression retained,5.70; 5.90,Tests legacy or offline report integration; live tracking tests use peak_area.
tests/test_nmr_statistics.py,343,independent regression retained,5.70; 5.90,Tests legacy or offline report integration; live tracking tests use peak_area.
tests/test_nmr_statistics.py,353,independent regression retained,5.70; 5.90,Tests legacy or offline report integration; live tracking tests use peak_area.
tests/test_nmr_statistics.py,426,independent regression retained,5.70; 5.90,Tests legacy or offline report integration; live tracking tests use peak_area.
tests/test_nmr_statistics.py,427,independent regression retained,5.70; 5.90; integration_window_ppm,Tests legacy or offline report integration; live tracking tests use peak_area.
tests/test_nmr_statistics.py,464,independent regression retained,5.70; 5.90,Tests legacy or offline report integration; live tracking tests use peak_area.
tests/test_nmr_statistics.py,485,independent regression retained,5.70; 5.90,Tests legacy or offline report integration; live tracking tests use peak_area.
tests/test_nmr_target_peak.py,115,independent regression retained,fixed_target,Tests legacy or offline report integration; live tracking tests use peak_area.
tests/test_nmr_target_peak.py,119,independent regression retained,5.70; 5.90,Tests legacy or offline report integration; live tracking tests use peak_area.
tests/test_three_instrument_si6.py,296,independent regression retained,5.70; 5.90,Tests legacy or offline report integration; live tracking tests use peak_area.
