file,timestamp,role,method,target_ppm,target_height,stage1_area,snr,fixed_product_area,left_peak_area,starting_material_area,silane_area,negative_area_full,quiet_region_rms,target_ppm_percent_vs_production,target_height_percent_vs_production,stage1_area_percent_vs_production,snr_percent_vs_production,fixed_product_area_percent_vs_production,left_peak_area_percent_vs_production,starting_material_area_percent_vs_production,silane_area_percent_vs_production
20260810_154822_081626_phsi4_0001_8scan_gain12.dx,2026-08-10T15:57:37,primary worked example,none,5.801660225764235,231.76746342075228,30.52841161890895,12.101804080264312,13.6996573279615,2.9408789712122188,0.4299754687769823,1.8237542791118613,1165.1933026148868,269.08341279127825,-0.00406102197926233,131.0055354741685,1009.1956781960672,90.96937366149909,125.63843677805387,4.515206209905583,-21.567377518961017,-5.056021363186098
20260810_154822_081626_phsi4_0001_8scan_gain12.dx,2026-08-10T15:57:37,primary worked example,production_asls_lambda1e6_p0.001,5.801895842029594,100.32983103414377,2.752301710060629,6.33703920593846,6.071508703739593,2.8138287985633736,0.548209986069162,1.9208740831140108,7.220068810335197,14.214257973951243,0.0,0.0,0.0,0.0,0.0,0.0,0.0,0.0
20260810_154822_081626_phsi4_0001_8scan_gain12.dx,2026-08-10T15:57:37,primary worked example,abd_polynomial_degree1,5.801660225764235,231.76746342075216,30.52841161890892,12.101804080264547,13.699657327961491,2.9408789712122174,0.4299754687769825,1.8237542791118617,2724.1184462371107,260.171937267679,-0.00406102197926233,131.0055354741684,1009.1956781960661,90.96937366150279,125.63843677805372,4.515206209905536,-21.567377518960974,-5.056021363186075
20260810_154822_081626_phsi4_0001_8scan_gain12.dx,2026-08-10T15:57:37,primary worked example,abd_polynomial_degree2,5.801660225764235,231.76746342075216,30.5284116189089,12.101804080264385,13.700493039609732,2.9408903079179165,0.4300331793776062,1.8238996563894632,2692.6066222278955,261.1255296447402,-0.00406102197926233,131.0055354741684,1009.1956781960655,90.96937366150024,125.6522012588281,4.515609102423547,-21.556850421299455,-5.048453075452932
20260810_154822_081626_phsi4_0001_8scan_gain12.dx,2026-08-10T15:57:37,primary worked example,abd_polynomial_degree3,5.801660225764234,231.76746342075228,30.528411618908944,12.101804080264285,13.69859576913051,2.9408642731873904,0.42995773906029844,1.8238937952386653,2562.5846025605983,243.50805915255364,-0.004061021979277639,131.0055354741685,1009.195678196067,90.96937366149866,125.62095251042304,4.514683860257451,-21.570611629454145,-5.048758204813016
20260810_154822_081626_phsi4_0001_8scan_gain12.dx,2026-08-10T15:57:37,primary worked example,arpls_lambda1e7,5.806468327695396,93.16104352641534,2.3483287609923864,7.247326374966717,4.901190489491167,2.833230244024487,0.6454066602875339,1.517035831685579,82.68339783261388,12.47789618178084,0.07881019911937501,-7.145220353544478,-14.677640448777098,14.36455005951714,-19.275575007042285,0.6895034079905338,17.729825557411417,-21.02367120148513
20260810_161811_081626_phsi4_0001_8scan_gain12.dx,2026-08-10T16:27:25,difficult / non-detection,none,5.763394161770856,192.69324916491365,25.99213088173005,9.35553513390571,9.05976904316029,1.1643382158041278,0.24674496187346695,0.6329359064434128,1030.3234383532103,270.6149847808532,0.0,0.0,0.0,0.0,170.2105406524766,0.0,-50.07453341590895,-6.447004214088378
20260810_161811_081626_phsi4_0001_8scan_gain12.dx,2026-08-10T16:27:25,difficult / non-detection,production_asls_lambda1e6_p0.001,0.0,0.0,0.0,0.0,3.3528555256518464,0.0,0.49422665175871033,0.6765533280108259,8.16082016786223,14.492323991243616,0.0,0.0,0.0,0.0,0.0,0.0,0.0,0.0
20260810_161811_081626_phsi4_0001_8scan_gain12.dx,2026-08-10T16:27:25,difficult / non-detection,abd_polynomial_degree1,5.763394161770857,192.69324916491368,25.992130881730063,9.355535133905883,9.059769043160289,1.1643382158041278,0.2467449618734654,0.6329359064434122,2593.159049749849,257.7089507254338,0.0,0.0,0.0,0.0,170.21054065247654,0.0,-50.07453341590927,-6.447004214088459
20260810_161811_081626_phsi4_0001_8scan_gain12.dx,2026-08-10T16:27:25,difficult / non-detection,abd_polynomial_degree2,5.763394161770856,192.6932491649139,25.992130881730127,9.355535133905663,9.060434886367544,1.1643429194156392,0.24679018981286838,0.63298791401015,2569.3228869682034,259.07881892772195,0.0,0.0,0.0,0.0,170.23039964139392,0.0,-50.0653821612689,-6.439317079226432
20260810_161811_081626_phsi4_0001_8scan_gain12.dx,2026-08-10T16:27:25,difficult / non-detection,abd_polynomial_degree3,5.763394161770859,192.69324916491402,25.99213088173012,9.355535133905747,9.058697850650864,1.164331177360691,0.24672039770243684,0.6329844219113869,2430.072512913188,239.50013594359427,0.0,0.0,0.0,0.0,170.17859198957623,0.0,-50.079503639781485,-6.439833239389787
20260810_161811_081626_phsi4_0001_8scan_gain12.dx,2026-08-10T16:27:25,difficult / non-detection,arpls_lambda1e7,0.0,0.0,0.0,0.0,2.351380585874452,0.0,0.3649029373611244,0.7983737139042937,86.39781940361927,12.848351973596444,0.0,0.0,0.0,0.0,-29.869313846521692,0.0,-26.16688394634046,18.00602862329257
20260810_164820_081626_phsi4_0001_8scan_gain12.dx,2026-08-10T16:57:35,intermediate,none,5.748192365750252,478.63043425607714,56.525227366430094,28.720046603377423,29.3022181616313,4.3997730496747876,0.785774642648525,66.08177897319082,1144.303727412157,439.9853818052352,0.004218529109546703,93.69486289525396,254.7005325888338,74.28188684122192,101.88130157437585,139.03140771368794,-21.986244031695445,8.500175929003932
20260810_164820_081626_phsi4_0001_8scan_gain12.dx,2026-08-10T16:57:35,intermediate,production_asls_lambda1e6_p0.001,5.7479498868110745,247.10538374727585,15.936042428206251,16.479077157078628,14.514577592435403,1.8406673381369365,1.0072257551190968,60.90476665810276,7.361236435660977,270.966299489086,0.0,0.0,0.0,0.0,0.0,0.0,0.0,0.0
20260810_164820_081626_phsi4_0001_8scan_gain12.dx,2026-08-10T16:57:35,intermediate,abd_polynomial_degree1,5.748192365750252,478.63043425607736,56.525227366430144,28.720046603379757,29.302218161631295,4.399773049674787,0.7857746426485255,66.08177897319082,2737.661853363081,441.2913619759438,0.004218529109546703,93.69486289525406,254.7005325888341,74.28188684123607,101.88130157437583,139.03140771368788,-21.986244031695403,8.500175929003932
20260810_164820_081626_phsi4_0001_8scan_gain12.dx,2026-08-10T16:57:35,intermediate,abd_polynomial_degree2,5.748192365750251,478.6304342560773,56.52522736643014,28.72004660337801,29.303367891797066,4.399822430627724,0.7858718502550471,66.08200128349381,2717.5612262112336,441.1666787223016,0.004218529109531251,93.69486289525403,254.70053258883408,74.28188684122547,101.88922278433492,139.03409048813137,-21.976593006984448,8.500540941982697
20260810_164820_081626_phsi4_0001_8scan_gain12.dx,2026-08-10T16:57:35,intermediate,abd_polynomial_degree3,5.748192365750252,478.63043425607714,56.525227366430116,28.720046603377998,29.301806357943004,4.399755780311858,0.7857944544643723,66.08199807398043,2553.539957754694,432.5116156667376,0.004218529109546703,93.69486289525396,254.70053258883394,74.2818868412254,101.8784644012947,139.03046950162909,-21.984277062945228,8.500535672258245
20260810_164820_081626_phsi4_0001_8scan_gain12.dx,2026-08-10T16:57:35,intermediate,arpls_lambda1e7,5.747897414066521,272.82441951997924,18.163164317421106,22.880102686940244,14.075900895791134,1.8426690359366185,1.3203907112014797,66.51655748950625,74.80026458939163,435.53380313052935,-0.0009128949553699077,10.408124413431329,13.975376253221599,38.84334947186069,-3.022318037507993,0.10874848258610431,31.091833632208246,9.214042084597502
20260810_171806_081626_phsi4_0001_8scan_gain12.dx,2026-08-10T17:27:21,late strong product,none,5.791718857856847,764.6054226444315,83.09228211422777,53.75390752325072,61.70082839445367,5.491708891390333,0.11458811995902304,98.29271056467545,1606.8011539263798,374.40475744964635,0.0011496288581660298,80.6628375183373,170.7143642033881,72.10097189230038,82.67768160744744,-5.578560010007462,-42.45971939550261,12.076146150240167
20260810_171806_081626_phsi4_0001_8scan_gain12.dx,2026-08-10T17:27:21,late strong product,production_asls_lambda1e6_p0.001,5.791652275350925,423.2223035724345,30.693710087655496,31.23393606219118,33.77578905727597,5.8161672729968785,0.19914417996436873,87.70172239230303,7.1800351490800844,13.771306150042276,0.0,0.0,0.0,0.0,0.0,0.0,0.0,0.0
20260810_171806_081626_phsi4_0001_8scan_gain12.dx,2026-08-10T17:27:21,late strong product,abd_polynomial_degree1,5.791718857856848,764.6054226444319,83.09228211422786,53.753907523248856,61.700828394453666,5.491708891390335,0.11458811995902321,98.29271056467542,3468.31396512823,361.44029752347564,0.0011496288581813651,80.66283751833737,170.71436420338836,72.10097189229442,82.67768160744743,-5.578560010007432,-42.459719395502525,12.076146150240133
20260810_171806_081626_phsi4_0001_8scan_gain12.dx,2026-08-10T17:27:21,late strong product,abd_polynomial_degree2,5.791718857856849,764.6054226444319,83.09228211422786,53.753907523252515,61.70315856171049,5.491766580639104,0.11467737672276107,98.29320786567615,3359.5112300261394,365.1718662559136,0.0011496288581967007,80.66283751833737,170.71436420338836,72.10097189230615,82.6845805351168,-5.577568132606707,-42.41489922362814,12.076713186995137
20260810_171806_081626_phsi4_0001_8scan_gain12.dx,2026-08-10T17:27:21,late strong product,abd_polynomial_degree3,5.791718857856848,764.6054226444319,83.09228211422783,53.75390752325013,61.70078297189335,5.491705091178319,0.11462294179759697,98.29317706490478,3244.9518403852367,341.08649995972706,0.0011496288581813651,80.66283751833737,170.71436420338827,72.1009718922985,82.67754712484438,-5.578625348775005,-42.442233652971666,12.076678067078982
20260810_171806_081626_phsi4_0001_8scan_gain12.dx,2026-08-10T17:27:21,late strong product,arpls_lambda1e7,5.791595968951003,547.3971826275875,43.6118423897983,49.718792981816506,46.228583326944374,4.885753414381646,0.1296340455336636,97.66055962441037,78.13536171842505,12.135926182177004,-0.000972199248939634,29.340343835140178,42.08722981109495,59.18196439545552,36.86899586135893,-15.99702716486387,-34.90442675409446,11.355349656144679
20260811_095145_081626_phsi4_0001_8scan_gain12.dx,2026-08-11T10:01:01,late follow-up,none,5.804805584911894,535.6832049563913,28.49679081569283,31.23223361028393,22.485499933265153,8.123009156142068,1.0199587848526779,5.419570857862903,1093.482460942887,277.0393139241792,-0.003070179515953277,36.52315033850116,193.45542276508118,20.530086570720762,66.3138709163398,-1.0701356010846417,-21.277999480705468,19.54507746667336
20260811_095145_081626_phsi4_0001_8scan_gain12.dx,2026-08-11T10:01:01,late follow-up,production_asls_lambda1e6_p0.001,5.804983808335682,392.37536170839604,9.710773291282903,25.91239623142433,13.519918578875448,8.210876670554828,1.2956464242835,4.5334956258435355,6.7601635130086875,13.581140158554383,0.0,0.0,0.0,0.0,0.0,0.0,0.0,0.0
20260811_095145_081626_phsi4_0001_8scan_gain12.dx,2026-08-11T10:01:01,late follow-up,abd_polynomial_degree1,5.804805584911893,535.6832049563911,28.49679081569282,31.232233610282847,22.485499933265157,8.123009156142064,1.0199587848526774,5.419570857862903,2775.4579943256404,266.5175441551468,-0.0030701795159685775,36.52315033850113,193.455422765081,20.53008657071658,66.31387091633982,-1.070135601084685,-21.277999480705503,19.54507746667336
20260811_095145_081626_phsi4_0001_8scan_gain12.dx,2026-08-11T10:01:01,late follow-up,abd_polynomial_degree2,5.804805584911894,535.6832049563911,28.49679081569282,31.232233610284002,22.486020721982754,8.123021396122397,1.0200278553310507,5.419652037028401,2753.0183191803408,267.30629521982354,-0.003070179515953277,36.52315033850113,193.455422765081,20.530086570721036,66.31772292709388,-1.0699865307621907,-21.272668514086934,19.546868119454302
20260811_095145_081626_phsi4_0001_8scan_gain12.dx,2026-08-11T10:01:01,late follow-up,abd_polynomial_degree3,5.804805584911893,535.6832049563909,28.49679081569279,31.232233610283068,22.48380207134869,8.122968390739928,1.019854744232778,5.419640487884267,2611.913722065523,248.25894950621927,-0.0030701795159685775,36.523150338501075,193.45542276508073,20.530086570717426,66.30131269044105,-1.070632081591849,-21.286029497070256,19.546613368042
20260811_095145_081626_phsi4_0001_8scan_gain12.dx,2026-08-11T10:01:01,late follow-up,arpls_lambda1e7,5.804889929165253,430.70283456191515,11.76970850805107,33.36050885424143,17.019063470930398,8.452390128422277,1.7965958807276856,4.3905664308413295,78.87448971265343,12.234180689404223,-0.001617216749059197,9.768063082921902,21.202587631372428,28.743434440789645,25.881405066464534,2.9413845507331025,38.664055799113065,-3.1527370223415967
20260811_110614_081626_phsi4_0001_8scan_gain12.dx,2026-08-11T11:15:30,final / clean presentation,none,5.813260530718059,980.9108595413828,33.61782595351799,55.63448159673362,47.60692718345076,13.79356472122041,1.1508825169707109,3.9277123700844596,1670.4504295631273,350.32062433735024,-0.002830686800623773,46.489483694354966,130.07240111287317,25.08819791100154,111.34259020171814,7.38406701029189,-38.632228688994246,25.81233899177281
20260811_110614_081626_phsi4_0001_8scan_gain12.dx,2026-08-11T11:15:30,final / clean presentation,production_asls_lambda1e6_p0.001,5.813425090574762,669.6117938322576,14.611846440905852,44.47620361140446,22.525950466496994,12.845075722358708,1.8753858782619837,3.121881686295732,7.930450972606122,14.01655958599637,0.0,0.0,0.0,0.0,0.0,0.0,0.0,0.0
20260811_110614_081626_phsi4_0001_8scan_gain12.dx,2026-08-11T11:15:30,final / clean presentation,abd_polynomial_degree1,5.813260530718059,980.9108595413821,33.617825953517965,55.63448159673006,47.606927183450765,13.79356472122041,1.1508825169707122,3.9277123700844596,3579.076488966452,341.3934595760132,-0.002830686800623773,46.489483694354874,130.07240111287297,25.088197910993532,111.34259020171817,7.38406701029189,-38.63222868899418,25.81233899177281
20260811_110614_081626_phsi4_0001_8scan_gain12.dx,2026-08-11T11:15:30,final / clean presentation,abd_polynomial_degree2,5.813260530718059,980.9108595413825,33.617825953517986,55.63448159673141,47.60879954355021,13.793637731954501,1.1511430461783871,3.928078521252343,3492.156505289968,342.9992085379445,-0.002830686800623773,46.48948369435492,130.07240111287314,25.08819791099657,111.35090221546531,7.384635405026724,-38.61833665692255,25.824067532591332
20260811_110614_081626_phsi4_0001_8scan_gain12.dx,2026-08-11T11:15:30,final / clean presentation,abd_polynomial_degree3,5.81326053071806,980.9108595413825,33.61782595351798,55.63448159673274,47.60608976252871,13.793528877222101,1.150918817558762,3.928054421026867,3352.907918137346,320.78665106724964,-0.0028306868006084947,46.48948369435492,130.07240111287308,25.088197910999554,111.33887261864304,7.383787961735985,-38.63029305598817,25.8232955550503
20260811_110614_081626_phsi4_0001_8scan_gain12.dx,2026-08-11T11:15:30,final / clean presentation,arpls_lambda1e7,5.813263924059152,760.7083409382686,18.95990862975865,68.1804501647074,31.22524365024405,13.064122571097531,1.963651761866457,2.714357645570068,79.75100425576579,12.140024243829922,-0.0027723160288379133,13.604382112903965,29.757102953671907,53.296470086364934,38.61898389897277,1.7052982284685259,4.7065451770530515,-13.053795168298363
